,WholeTumor,TumorCore,EnhancingTumor
Brats18_2013_18_1,0.8574349540568843,0.8658198162986125,0.8102988120780784
Brats18_2013_4_1,0.5553352336101127,0.31480176304135155,0.2611291961268117
Brats18_2013_20_1,0.8555130651584705,0.3861872788013098,0.49742715585222474
Brats18_2013_19_1,0.7602768483059581,0.5014831663939768,0.4596222369375335
